Full Name,Email Address
Blossom Gill,blossom@xyz.edu
Hayes Delgado,nonummy@utnisia.com
Petra Jone,ac@xyz.edu
Oleg Noel,noel@liberomauris.ca
Ahmed Miller,ahmed.miller@nequeno.co.uk
Macaulay Douglas,mdouglas@xyz.edu
Aurora Grant,enim.non@xyz.edu
Madison Mcintosh,mcintosh@nissan.net
Montana Powell,Montanap@xyz.edu
rogan robinson,rr.robinson@xyz.edu
simon rivera,sri@xyz.edu
Benedict Pacheo,bpachecha@xyz.edu
Masie Hendricks,mai@xyz.edu
Xaviera Gould,xlg@utnisia.com
Orin Rollins,orin@semmagna.com
Flavia Santiago,flavia@utnisia.net
Jackson Owens,jackOwens@xyz.edu
Brittani Humphrey,brittani@ut.net
Kirk Nixxon,kirk@xyz.edu
Bree Campbell,breee@utnisia.net
